{
    "tx-frequencies": [
        [444.5000e6,25.0e3],
        [444.1625e6,12.5e3],
        [443.8000e6,12.5e3],
        [146.7600e6,25.0e3],
        [52.19000e6,25.0e3],
        [223.3600e6,25.0e3]
    ],
    "rx-frequencies": [
        [449.5000e6,25.0e3],
        [449.1625e6,12.5e3],
        [448.8000e6,12.5e3],
        [146.1600e6,25.0e3],
        [53.19000e6,25.0e3],
        [224.9600e6,25.0e3]
    ],
    "order": 3
}